{"cameraMode":{"drawMode":0,"name":"Shaded","section":"Shading Mode"},"sceneLighting":true,"audioPlay":false,"sceneViewState":{"showFog":true,"showMaterialUpdate":false,"showSkybox":true,"showFlares":true,"showImageEffects":true,"showParticleSystems":true,"showVisualEffectGraphs":true,"m_FxEnabled":true},"in2DMode":false,"pivot":{"x":25.229045867919923,"y":-0.8139934539794922,"z":25.26900863647461},"rotation":{"x":0.19692012667655946,"y":0.02971123903989792,"z":-0.005970188416540623,"w":0.9799438714981079},"size":32.93484115600586,"orthographic":false}