{"cameraMode":{"drawMode":0,"name":"Shaded","section":"Shading Mode"},"sceneLighting":true,"audioPlay":false,"sceneViewState":{"showFog":true,"showMaterialUpdate":false,"showSkybox":true,"showFlares":true,"showImageEffects":true,"showParticleSystems":true,"showVisualEffectGraphs":true,"m_FxEnabled":true},"in2DMode":false,"pivot":{"x":175.13584899902345,"y":-16.606136322021486,"z":24.68236541748047},"rotation":{"x":0.3398728370666504,"y":-0.010993593372404576,"z":0.003973537124693394,"w":0.9403905272483826},"size":459.1460876464844,"orthographic":false}