{"cameraMode":{"drawMode":0,"name":"Shaded","section":"Shading Mode"},"sceneLighting":true,"audioPlay":false,"sceneViewState":{"showFog":true,"showMaterialUpdate":false,"showSkybox":true,"showFlares":true,"showImageEffects":true,"showParticleSystems":true,"showVisualEffectGraphs":true,"m_FxEnabled":true},"in2DMode":false,"pivot":{"x":112.00333404541016,"y":56.33852767944336,"z":35.087608337402347},"rotation":{"x":-0.034053899347782138,"y":-0.8134782314300537,"z":0.5786741375923157,"w":-0.047850027680397037},"size":115.77507781982422,"orthographic":false}